"","lake","Date","Depth","Chl-a (ug/L)","SRP (ug P/L)","Total Phosphorus (ug P/L)","Total Nitrogen (mg N/L)","NH4 (mg N/L)","NO3 + NO2 (mg N/L)","DIC (mg C/L)","DOC (mg C/L)","DSi (mg SiO2/L)","Cl- (mg/L)"
"1","McCarrons",2023-06-06,"Hypo",NA,229.5924,335.8,2.67107007318,1.596,0.0022,44.6091,6.6509,8.3979,162.94
"2","Little Johanna",2023-06-06,"Epi",4.86583525442789,5.3943,43.909,0.73158168671,0.0838,0.013,21.8683,8.701,1.3135,468.36
"3","Little Johanna",2023-06-06,"Hypo",NA,4032.335,5839,26.3603007222,20.734,0.0033,77.2149,8.4447,12.9438,1256.5
"4","Tanners",2023-06-06,"Epi",4.19380826539218,2.7939,21.017,0.69325668566,0.0208,0.0055,30.6576,8.5599,0.6569,200.47
"5","Tanners",2023-06-06,"Hypo",NA,61.7839,625.836,2.52981506931,0.617,0.0553,41.8577,9.6667,8.6906,332.44
"6","Phalen",2023-06-06,"Epi",4.49248692718583,2.8265,20.308,0.69508168571,0.0192,0.007,35.3914,8.1301,0.5482,198.32
"7","Phalen",2023-06-06,"Hypo",NA,44.7144,166.623,1.14013836457,0.0318,0.0507,25.6985,8.8785,5.1652,186.54
"8","Cedar",2023-06-07,"Epi",2.8740444194546,0.6762,23.937,0.82210168919,0.0158,0.0069,25.3667,8.4406,0.5231,164.71
"9","Bde Maka Ska",2023-06-07,"Epi",0.928798425639584,1.05,14.27077039098,0.55589501523,0.0301,0.0492,28.8152,6.2893,0.2554,168.32
"10","Brownie",2023-06-07,"Epi",9.58711723362384,1.5744,40.27969777022,0.76345835425,0.0302,0.0931,29.7448,6.6919,2.6434,324.78
"11","Cedar",2023-06-07,"Hypo",NA,166.2587,241.573,2.51923006902,1.2452,-0.0014,37.0022,11.9399,4.5169,166.56
"12","Bde Maka Ska",2023-06-07,"Hypo",NA,130.1975,194.075,1.16118669848,0.4995,0.1257,34.1896,7.0827,2.0244,170.69
"13","Brownie",2023-06-07,"Hypo",NA,3742.311,3927.092,19.8304505433,19.236,0.0055,53.9236,9.0584,11.2166,1083.7
"14","Parkers",2023-06-08,"Epi",3.90007759347765,8.2772,24.09535399348,0.523166681,0.0169,-0.003,29.131,6.5959,0.7782,303.76
"15","Minnetonka",2023-06-08,"Epi",0.0800444194545966,2.0874,14.16102705464,0.6229333504,0.0139,-0.0036,25.5496,8.7183,0.4645,52.1
"16","Medicine",2023-06-08,"Epi",1.21901490019679,3.3948,23.8014,0.732,0.021,-0.0024,54.6881,8.7566,2.3214,202.65
"17","Parkers",2023-06-08,"Hypo",NA,222.2372,368.8952,2.221,1.0224,0.0025,54.2179,6.3805,13.7635,721
"18","Minnetonka",2023-06-08,"Hypo",NA,37.8025,172.8532,1.141,0.2231,0.0663,33.0245,8.306,5.253,51.64
"19","Medicine",2023-06-08,"Hypo",NA,1007.136,226.9953,2.249,1.6753,-0.0011,39.1608,10.388,1.142,495.24
"20","Snail",2023-06-13,"Hypo",NA,26.6772,145.7339,0.984,0.1147,0.0024,26.2157,8.1918,0.6402,106.05
"21","Wabasso",2023-06-13,"Hypo",NA,119.327,417.2396,2.625,1.5712,0.0018,32.2124,9.9142,3.6638,69.02
"22","Snail",2023-06-13,"Epi",2.0891132977228,2.1082,16.811,0.718,0.0198,0.0018,17.0929,8.6899,0.3516,111.27
"23","Wabasso",2023-06-13,"Epi",2.0152757942086,2.538,21.314,0.77,0.0249,0.0035,20.5739,9.6898,0.6653,66.29
"24","Smith",2023-06-14,"Hypo",NA,43.6009,191.9212,0.957,0.0967,0.0052,41.9792,8.2092,21.3664,15.26
"25","Henry",2023-06-14,"Epi",3.31576497048074,0.9779,20.1032,2.599,0.1841,2.5102,34.4541,8.8027,0.3767,476.64
"26","Henry",2023-06-14,"Hypo",NA,147.234,213.3812,3.896,2.3812,0.0348,53.0372,9.3527,4.2744,453.32
"27","Uhlenkolts",2023-06-14,"Hypo",NA,211.022,597.948,3.977,1.2831,0.005,34.09,18.8543,2.5012,33.36
"28","Uhlenkolts",2023-06-14,"Epi",6.78086927185831,155.4068,301.436,2.919,0.3951,0.0067,27.134,20.2265,2.1666,33.45
"29","Smith",2023-06-14,"Epi",3.98194433511386,3.4692,42.0162,0.923,0.0278,0.0018,32.407,9.0991,18.3386,15.73
"30","McCarrons",2023-07-05,"Epi",1.41839640146191,2.5405,2578.924,2.686,1.0821,0.0014,29.8028,6.7011,8.136,143.31
"31","Snail",2023-07-05,"Epi",2.28123025021085,2.9624,18.5804,0.758,0.0155,0.0011,12.8094,9.9778,0.4459,114.22
"32","Snail",2023-07-05,"Hypo",NA,42.3172,152.8562,0.761,0.0403,0.0038,26.3835,21.5457,0.3902,106.88
"33","Wabasso",2023-07-05,"Epi",1.27200899634523,4.2507,18.0412,0.748,0.0148,0.0012,20.1166,9.174,0.6559,67.05
"34","Phalen",2023-07-05,"Hypo",NA,86.1765,298.6992,1.694,0.8782,0.0044,36.2358,27.6717,5.4783,187.67
"35","Phalen",2023-07-05,"Epi",4.68770761877987,2.1529,19.1598,0.71,0.0185,0.0019,22.0958,8.7204,1.1317,199.26
"36","Little Johanna",2023-07-05,"Epi",45.5281281979196,7.8577,92.8119,1.289,0.0639,0.0885,14.1489,9.0969,2.9021,305.44
"37","Little Johanna",2023-07-05,"Hypo",NA,170.5526,3384.152,30.776,27.262,0.0048,101.706,52.9689,11.3852,1311.4
"38","Wabasso",2023-07-05,"Hypo",NA,262.731,482.4552,2.947,1.8179,0.0018,35.6795,28.056,3.9437,69.22
"39","McCarrons",2023-07-05,"Hypo",NA,204.7116,18.764,0.638,0.0193,0.0045,47.1948,32.6092,1.2475,162.16
"40","Medicine",2023-07-06,"Hypo",NA,303.2146,916.4212,1.13,0.3269,0.0012,33.5348,28.5489,9.9406,192.24
"41","Minnetonka",2023-07-06,"Hypo",NA,20.5254,393.1048,0.923,0.0999,0.1014,33.1974,27.9865,4.2609,51.27
"42","Minnetonka",2023-07-06,"Epi",1.22460950238965,2.6344,1.3521,0.695,0.0175,0.0017,30.2077,8.5207,1.4147,53.36
"43","Medicine",2023-07-06,"Epi",22.2359786336801,4.6228,55.3059,0.854,0.0206,0.0018,24.981,11.3221,5.9756,207.49
"44","Tanners",2023-07-05,"Hypo",NA,163.5484,787.4452,2.525,1.0618,0.0066,42.2366,33.385,7.7759,264.18
"45","Tanners",2023-07-05,"Epi",3.77232949114422,3.0555,24.9084,0.78,0.0247,0.0052,30.0172,8.5538,1.7576,204.45
"46","Parkers",2023-07-06,"Hypo",NA,96.021,887.4992,1.067,0.0417,0.0024,51.2584,37.8834,10.6779,519.12
"47","Parkers",2023-07-06,"Epi",2.70311385999438,3.6209,24.8116,0.566,0.0173,0.0034,21.9439,6.2105,2.9578,286.5
"48","Bde Maka Ska",2023-07-07,"Hypo",NA,204.2994,295.4748,1.421,0.6202,0.0041,36.6385,30.6992,2.9621,164.95
"49","Bde Maka Ska",2023-07-07,"Epi",1.14735338768625,1.9557,20.3675,0.573,0.0197,0.0764,27.1944,6.1488,0.9731,171.79
"50","Brownie",2023-07-07,"Hypo",NA,65.7108,3287.2,20.073,44.384,0.0024,88.0308,57.624,17.0564,1280.5
"51","Brownie",2023-07-07,"Epi",52.1861163902165,2.3267,109.2928,1.578,0.0227,0.0033,23.5233,7.3706,5.7312,372.46
"52","Cedar",2023-07-07,"Hypo",NA,159.3753,279.0508,2.259,0.9127,6e-04,39.509,32.4268,5.0754,167.18
"53","Cedar",2023-07-07,"Epi",7.44778633680067,2.8615,24.9726,0.829,0.014,0.0017,20.6762,8.8331,1.4918,168.77
"54","Uhlenkolts",2023-07-11,"Hypo",NA,253.989,471.2994,3.0714,0.2104,NA,34.8368,19.3008,5.2726,32.82
"55","Uhlenkolts",2023-07-11,"Epi",129.580104582513,199.829,458.6316,3.5017,0.0317,NA,30.1917,17.2197,5.1697,33
"56","Smith",2023-07-11,"Hypo",NA,84.2076,247.5113,44.484,0.1816,NA,40.9812,10.0456,22.6335,15.44
"57","Smith",2023-07-11,"Epi",35.9515186955299,3.65,50.6116,0.8056,0.0084,NA,33.4541,9.172,21.2404,14.82
"58","Henry",2023-07-11,"Hypo",NA,32.8829,159.6933,2.1376,1.2018,NA,48.2651,9.91,2.2334,431.2
"59","Henry",2023-07-11,"Epi",4.77662115568659,1.1919,12.8859,1.1582,0.115,NA,31.7449,9.2131,0.7159,470
"60","Smith",2023-08-02,"Epi",9.222,13.5005,57.842,1.2583,0.0083,-8e-04,30.0619,8.6457,18.0104,15.98
"61","Smith",2023-08-02,"Hypo",NA,239.5928,967.15,1.643,0.7423,-4e-04,41.9364,9.9891,19.9784,16.16
"62","Henry",2023-08-02,"Epi",0.942,4.616,16.4,1.6696,0.0123,0.4772,27.9364,8.8795,0.6705,445.6
"63","Henry",2023-08-02,"Hypo",NA,88.7131,574.882,3.8816,1.624,0.0419,54.7257,10.354,4.1244,435.48
"64","Uhlenkolts",2023-08-02,"Epi",42.447,144.6265,443.276,4.3061,0.0176,0.0011,29.2512,16.4599,6.4611,33.8
"65","Uhlenkolts",2023-08-02,"Hypo",NA,771.084,1493.749,6.4602,3.2898,7e-04,42.7753,19.7648,7.0304,35.67
"66","Bde Maka Ska",2023-08-10,"Epi",1.794,2.4404,15.5254,0.5446,0.0099,9e-04,24.9281,6.8234,1.5924,171.6
"67","Bde Maka Ska",2023-08-10,"Hypo",NA,265.335,1175.834,1.5635,0.8056,0.0019,38.2226,8.0007,3.5552,168.55
"68","Cedar",2023-08-10,"Epi",3.391,2.006,20.0876,0.7153,0.0226,0.002,23.5369,8.7637,1.7666,167.53
"69","Cedar",2023-08-10,"Hypo",NA,6.5514,356.6896,3.7653,2.5157,0.0018,44.8911,9.6093,7.298,167.72
"70","Brownie",2023-08-10,"Epi",13.063,3.9462,28.8589,0.6837,0.0211,0.0014,27.3488,8.2464,7.2046,337.7
"71","Brownie",2023-08-10,"Hypo",NA,216.5099,667.558,23.686,16.0599,0.0026,95.5806,9.9057,16.576,1115.5
"72","Minnetonka",2023-08-08,"Epi",1.278,2.3099,12.5575,0.474,0.0086,3e-04,29.5689,8.119,1.9407,52.99
"73","Minnetonka",2023-08-08,"Hypo",NA,77.1373,146.1005,0.6634,0.2375,0.0956,36.3253,9.5797,7.4128,50.7
"74","Medicine",2023-08-08,"Epi",4.321,2.7904,34.6109,0.7878,0.0124,0.0011,21.8199,7.6859,7.0431,211.5
"75","Medicine",2023-08-08,"Hypo",NA,331.2174,374.8042,1.2523,0.4455,0.0029,35.6938,9.5274,12.1115,193.08
"76","Parkers",2023-08-08,"Epi",1.771,2.3112,22.1865,0.5982,0.0089,3e-04,21.4908,6.8441,2.7352,270.92
"77","Parkers",2023-08-08,"Hypo",NA,44.7144,217.6616,1.0531,0.8017,9e-04,54.7277,7.3482,12.4557,575.9
"78","Snail",2023-08-07,"Epi",0.275,5.2339,17.0701,0.6918,0.0154,0.0017,12.4433,8.5147,0.4156,116.42
"79","Snail",2023-08-07,"Hypo",NA,62.6306,199.5918,0.8172,0.0621,0.0059,26.1914,9.5503,1.3884,106.58
"80","Little Johanna",2023-08-07,"Epi",2.19,21.2706,60.5757,0.8303,0.0884,0.1156,13.325,8.1582,2.595,121.2
"81","Little Johanna",2023-08-07,"Hypo",NA,198.1144,266.5834,33.104,32.4819,0.0091,84.6288,14.0611,17.8744,1254.7
"82","Wabasso",2023-08-09,"Epi",0.286,4.8613,17.0306,0.7886,0.0172,0.0013,21.9128,9.2542,0.8192,66.76
"83","Wabasso",2023-08-09,"Hypo",NA,149.9743,331.7188,2.9077,1.761,0.0018,30.0061,11.2697,4.8042,69.53
"84","McCarrons",2023-08-07,"Epi",0.336,2.2849,19.9162,0.5878,0.0129,9e-04,28.5263,6.6581,1.5414,139.78
"85","McCarrons",2023-08-07,"Hypo",NA,93.2451,119.534,2.4237,2.1742,0.0034,46.2879,9.3356,8.1945,158.87
"86","Tanners",2023-08-07,"Epi",1.755,3.4338,17.1564,0.8289,0.017,0.0011,28.6497,8.4105,2.493,199.73
"87","Tanners",2023-08-07,"Hypo",NA,221.2112,316.6632,3.3528,3.1939,0.0061,46.1119,11.6115,10.2295,273.7
"88","Phalen",2023-08-07,"Epi",0.399,3.4669,12.2703,0.6343,0.0139,0.0024,20.0202,8.0194,1.9492,203.26
"89","Phalen",2023-08-07,"Hypo",NA,71.3613,99.1259,1.3382,0.2528,0.2821,32.83,9.4675,3.6869,185.55
"90","Smith",2023-09-06,"Epi",NA,2.4173,83.8892,1.4026,0.0206,0.0019,34.352,10.4352,3.3537,17.37
"91","Henry",2023-09-06,"Epi",27.4502963171212,7.1019,24.7069,1.5534,0.0951,0.2501,29.6804,11.132,1.6179,495.84
"92","Uhlenkolts",2023-09-06,"Epi",29.5684723081248,249.3734,572.7047,4.7772,0.8361,0.0045,39.7884,19.1491,8.8593,38.99
"93","Henry",2023-09-06,"Hypo",NA,123.4617,151.221,7.037,5.3228,0.0163,71.6118,11.1592,8.0128,472.2
"94","Smith",2023-09-06,"Hypo",NA,153.7104,291.1583,1.4233,0.0849,0.0079,35.472,11.7017,3.4085,19.2
"95","Uhlenkolts",2023-09-06,"Hypo",NA,268.149,532.8896,4.6497,0.7931,0.0097,40.1554,19.7423,9.6267,39.89
"96","Minnetonka",2023-09-11,"Epi",4.2119523943398,2.1554,17.5141,0.6936,0.008,0.001,29.9111,7.9467,2.9334,59.91
"97","Medicine",2023-09-11,"Epi",12.0326522350295,13.0307,46.5076,0.8878,0.0773,0.013,22.9804,9.4993,8.4147,206.48
"98","Parkers",2023-09-11,"Epi",11.4765986318058,2.2496,25.046,0.5797,0.0089,0.0013,26.6827,7.8338,5.3026,258.64
"99","Snail",2023-09-14,"Epi",9.38397413550745,2.1254,17.193,0.8526,0.0096,0.0027,15.1922,8.5633,0.2841,122.94
"100","Little Johanna",2023-09-12,"Epi",11.0192847905538,3.69,38.6238,0.7737,0.0145,0.0114,15.3439,7.3255,0.7835,153.16
"101","Wabasso",2023-09-12,"Epi",4.75018161371943,1.9636,20.0951,0.7445,0.0137,0.0021,22.155,8.7799,0.9297,71.41
"102","McCarrons",2023-09-12,"Epi",8.54034186111892,1.0716,17.9164,0.4786,0.0082,0.0025,27.8125,6.8724,1.5205,145.94
"103","Tanners",2023-09-12,"Epi",17.8607425733296,2.5383,20.1044,0.5978,0.0076,5e-04,27.821,8.8003,2.3305,198.24
"104","Phalen",2023-09-12,"Epi",3.41453359572674,1.4724,13.3749,0.516,0.01,0.0022,21.399,8.761,2.5376,208.44
"105","Bde Maka Ska",2023-09-13,"Epi",6.25399531440352,0.7214,18.8026,0.6225,0.012,0.0016,25.5375,7.4739,1.8737,176.3
"106","Cedar",2023-09-13,"Epi",15.3846488614001,1.9777,26.7813,0.8591,0.0102,0.0033,26.8417,5.8817,2.0625,165.86
"107","Brownie",2023-09-13,"Epi",95.171715490582,1.8136,72.6225,1.1259,0.0051,0.005,35.651,4.2499,8.0859,348.5
"108","Minnetonka",2023-09-11,"Hypo",NA,48.4919,123.4781,1.189,0.2204,0.131,34.8103,5.3113,7.3063,55.16
"109","Medicine",2023-09-11,"Hypo",NA,194.3451,758.9379,1.5292,1.1719,0.0046,39.4141,5.588,14.566,205.6
"110","Parkers",2023-09-11,"Hypo",NA,98.0438,223.8362,1.3489,0.4813,0.0051,NA,3.366,9.2308,491.6
"111","Snail",2023-09-14,"Hypo",NA,19.1529,131.5131,1.2803,0.0343,0.0044,26.2027,5.0649,0.345,115.88
"112","Little Johanna",2023-09-12,"Hypo",NA,198.8313,261.3677,20.172,37.8899223115578,0.0052,NA,7.4651,2.1904,1287.9
"113","Wabasso",2023-09-12,"Hypo",NA,111.6087,515.0129,3.3432,1.8531,0.0025,33.4514,5.6558,4.0906,75.81
"114","McCarrons",2023-09-12,"Hypo",NA,728.6348,952.2128,4.6139,4.81859487179487,0.0109,NA,5.5221,10.2479,175.6
"115","Tanners",2023-09-12,"Hypo",NA,790.8304,1512.8909,3.4814,4.14666366906475,0.0048,30.5561,6.4893,10.4794,279.6
"116","Phalen",2023-09-12,"Hypo",NA,321.5061,512.1216,3.0852,1.9478,0.0067,20.478,5.7413,6.9104,193.6
"117","Bde Maka Ska",2023-09-13,"Hypo",NA,316.6995,406.544,2.15,1.0863,0.0074,20.1492,4.1445,3.7678,173.87
"118","Cedar",2023-09-13,"Hypo",NA,138.6435,623.472,2.5616,3.89060015993603,0.0055,28.9289,6.1305,9.0481,165.84
"119","Brownie",2023-09-13,"Hypo",NA,123.4617,199.8728,227.115,52.8471670682731,0.0078,NA,5.5464,2.7203,1163
"120","Smith",2023-10-20,"Epi",NA,3.025,49.5557,1.0469,0.014,0.0436,36.9733,NA,7.1901,14.67
"121","Henry",2023-10-20,"Epi",13.1448838909193,3.2244,29.447,1.3417,0.2844,0.1061,34.8201,NA,2.6456,483.92
"122","Uhlenkolts",2023-10-20,"Epi",69.5423964014619,410.936,693.5024,7.239,0.098,0.1054,39.6246,NA,11.9654,34.11
"123","Henry",2023-10-20,"Hypo",NA,372.5639,89.8323,1.5436,0.0173,0.1157,33.7453,10.2242,2.7001,479.36
"124","Smith",2023-10-20,"Hypo",NA,73.9058,194.535,0.8925,0.0224,0.0363,35.3015,14.9676,7.2614,15.01
"125","Uhlenkolts",2023-10-20,"Hypo",NA,444.5768,754.2498,17.177,2.3143,0.112,41.1483,0.2345,11.9234,34.84
"126","Minnetonka",2023-10-23,"Epi",4.50049817261737,2.7025,19.1359,0.9692,0.0159,0.01,28.7203,6.7883,3.8079,53.43
"127","Medicine",2023-10-23,"Epi",3.51287489457408,41.2701,79.134,1.1537,0.2137,0.1149,23.2553,6.7386,9.691,186.46
"128","Parkers",2023-10-23,"Epi",7.38502783244307,2.6014,26.5737,0.6146,0.098,0.0225,28.0584,5.0497,6.7914,186.6
"129","Snail",2023-11-13,"Epi",3.22250705650829,1.2995,15.8998,0.8393,0.0173,0.0175,18.5399,6.8268,NA,111.03
"130","Little Johanna",2023-10-26,"Epi",9.92582963171212,10.0681,47.0483,0.7963,0.0975,0.1952,13.0199,4.6358,2.6959,80.88
"131","Wabasso",2023-11-13,"Epi",6.35090806859713,4.1207,24.4477,0.7514,0.0523,0.0045,22.2069,7.1299,NA,65.69
"132","McCarrons",2023-10-26,"Epi",6.50834411020523,2.3583,20.7333,0.6088,0.0333,0.0087,27.9584,5.5557,1.5756,137.4
"133","Tanners",2023-10-24,"Epi",24.7258791116109,1.3749,24.7383,0.7615,0.0141,0.0045,27.0746,7.0468,1.9574,192.8
"134","Phalen",2023-10-24,"Epi",4.27746527973011,1.5178,17.6339,0.626,0.0226,0.009,23.0177,6.9013,2.4819,210.48
"135","Bde Maka Ska",2023-10-25,"Epi",18.1192510542592,3.6964,27.2272,0.7045,0.024,0.003,25.4021,5.4981,1.8147,165.41
"136","Cedar",2023-10-25,"Epi",18.7597908349733,2.8524,29.5111,0.8606,0.0306,0.0072,24.6082,6.9023,2.1966,157.97
"137","Brownie",2023-10-25,"Epi",27.3297093055946,10.814,58.3218,1.0725,0.1379,0.1797,26.175,4.5416,5.3144,245
"138","Minnetonka",2023-10-23,"Hypo",NA,66.1954,187.9552,1.5999,0.323,0.014,26.2229,7.8181,7.7524,43.52
"139","Medicine",2023-10-23,"Hypo",NA,76.1893,203.3335,1.2864,0.2224,0.1111,19.7155,7.477,9.6449,173.64
"140","Parkers",2023-10-23,"Hypo",NA,718.7436,870.487,5.331,3.99024567375886,0.0059,NA,6.4434,16.8498,621.8
"141","Snail",2023-11-13,"Hypo",NA,20.7127,63.9519,0.6379,0.0263,0.0147,17.4028,7.4332,NA,111.38
"142","Little Johanna",2023-10-26,"Hypo",NA,959.1008,4155.744,43.878,30.2734,0.0105,59.8218,8.6943,1.9952,1238.2
"143","Wabasso",2023-11-13,"Hypo",NA,172.2754,536.8317,3.2306,2.25296073705179,0.0026,28.8271,8.0474,NA,68.99
"144","McCarrons",2023-10-26,"Hypo",NA,591.527,676.6765,6.803,4.51678838509015,0.0029,45.3968,6.1694,10.7862,163.97
"145","Tanners",2023-10-24,"Hypo",NA,1520.81,1580.318,4.561,3.34849619938606,0.0037,39.9457,8.4398,10.417,238.08
"146","Phalen",2023-10-24,"Hypo",NA,436.4024,524.5033,2.7922,1.9857,0.0045,40.1825,6.82,7.018,179.13
"147","Bde Maka Ska",2023-10-25,"Hypo",NA,346.672,531.7551,3.2317,1.3995,0.0169,42.4356,6.1193,4.7059,175.23
"148","Cedar",2023-10-25,"Hypo",NA,401.343,467.669,4.6511,3.26657158372828,0.0061,47.3625,7.286,8.6126,168.06
"149","Brownie",2023-10-25,"Hypo",NA,681.185,3708.542,48.268,45.7300438356164,0.017,NA,8.8094,2.7169,1091.3
"150","Snail",2024-02-13,"Hypo",NA,5.0422,18.9883,0.7545,NA,0.0076,23.5646,7.5169,0.1211,NA
"151","Snail",2024-02-13,"Epi",NA,9.2718,29.7755,0.6078,NA,0.0101,19.7002,6.9118,-0.0024,NA
"152","Tanners",2024-02-14,"Epi",NA,94.9355,41.181,0.912,NA,0.116,31.0705,6.462,0.6688,NA
"153","Tanners",2024-02-14,"Hypo",NA,19.3599,136.0421,1.275,NA,0.1176,38.4082,7.0462,3.4186,NA
"154","Phalen",2024-02-14,"Epi",NA,58.8504,49.27,0.777,NA,0.0591,28.0947,5.7063,0.2405,NA
"155","Phalen",2024-02-14,"Hypo",NA,26.0992,78.012,0.9,NA,0.0521,30.4368,5.9608,1.3978,NA
"156","Henry",2024-02-21,"Hypo",NA,19.2568,60.1793,2.8316,NA,0.1638,45.9619,7.9107,8.7117,NA
"157","Henry",2024-02-21,"Epi",NA,59.7505,75.5264,1.6575,NA,0.1856,34.2338,8.3427,3.8028,NA
"158","Uhlenkolts",2024-02-21,"Hypo",NA,551.055,707.804,5.8552,NA,0.2319,47.4291,13.2743,14.2837,NA
"159","Uhlenkolts",2024-02-21,"Epi",NA,301.3745,515.9819,4.0523,NA,0.2508,32.8368,12.3362,11.2074,NA
"160","Smith",2024-02-21,"Hypo",NA,12.1162,30.1039,0.9026,NA,0.3681,40.9826,5.8185,25.5141,NA
"161","Smith",2024-02-21,"Epi",NA,NA,43.1012,0.6892,NA,0.1752,33.2485,5.2079,20.8194,NA
"162","Minnetonka",2024-04-11,"Hypo",NA,15.7312,22.5676,0.8538,NA,-0.004,28.8065,8.6168,0.4912,NA
"163","Minnetonka",2024-04-11,"Epi",1.16,23.1289,81.1358,0.641,NA,-6e-04,28.0425,8.6535,0.4912,NA
"164","Medicine",2024-04-11,"Hypo",NA,171.4741,2922.54,0.9397,NA,0.0085,24.0939,12.6396,3.0737,NA
"165","Medicine",2024-04-11,"Epi",1.43,15.6845,151.2211,0.5783,NA,-0.0055,28.2814,10.6415,2.7042,NA
"166","Wabasso",2024-04-12,"Hypo",16.39,240.0472,5227.354,2.0038,NA,-8e-04,21.1563,10.0378,4.2036,NA
"167","Wabasso",2024-04-12,"Epi",2.05,8.0546,103.3033,1.0515,NA,-0.0013,19.4891,9.4127,0.2661,NA
"168","McCarrons",2024-04-12,"Hypo",NA,9.6389,209.6042,0.8159,NA,0.0937,34.924,8.9595,0.3595,NA
"169","McCarrons",2024-04-12,"Epi",13.07,15.5826,177.4439,0.8999,NA,0.0907,35.2358,8.9143,0.1089,NA
"170","Little Johanna",2024-04-15,"Hypo",NA,1770.9691,4978.626,21.344,NA,-7e-04,63.4529,12.3353,17.828,NA
"171","Little Johanna",2024-04-15,"Epi",1.84,30.1946,97.2536,0.7879,NA,0.045,17.2122,6.5723,0.9606,NA
"172","Tanners",2024-04-15,"Hypo",NA,58.9618,166.7265,0.346,NA,0.0064,31.9364,11.3126,0.1004,NA
"173","Tanners",2024-04-15,"Epi",2.37,19.2805,78.3482,0.4678,NA,0.0048,32.2545,11.5016,0.1939,NA
"174","Phalen",2024-04-15,"Hypo",NA,19.7847,53.3636,0.3468,NA,-7e-04,28.2881,10.8334,0.2661,NA
"175","Phalen",2024-04-15,"Epi",2.85,17.2387,50.9711,0.4779,NA,-8e-04,28.3269,10.8687,0.0325,NA
"176","Little Johanna",2024-04-15,"Epi",1.81,32.8257,91.7688,0.6707,NA,0.0581,20.4626,8.5765,0.0282,NA
"177","Cedar",2024-04-19,"Hypo",NA,29.1577,58.5802,0.6886,NA,-8e-04,32.3053,10.7852,1.294,NA
"178","Cedar",2024-04-19,"Epi",7.84,91.0407,142.5878,0.5553,NA,-0.0059,31.8048,10.8356,0.3723,NA
"179","Brownie",2024-04-19,"Hypo",NA,150.948,687.7593,18.2834,NA,-0.0017,70.793,11.0153,2.7339,NA
"180","Brownie",2024-04-19,"Epi",7.3,13.7622,55.423,0.476,NA,0.0647,36.1158,7.4156,0.7163,NA
"181","Parkers",2024-04-22,"Hypo",NA,18.108,78.4887,0.4917,NA,-6e-04,39.5097,6.8893,1.8717,NA
"182","Parkers",2024-04-22,"Epi",5,6.4959,60.274,0.5801,NA,-0.0053,35.8257,6.7355,0.5804,NA
"183","Snail",2024-04-22,"Hypo",NA,19.7256,60.4721,0.7557,NA,-0.0011,18.7292,8.857,0.0749,NA
"184","Snail",2024-04-22,"Epi",1.41,5.7543,24.9209,0.596,NA,0.0337,18.9604,9.1673,0.0495,NA
"185","Bde Maka Ska",2024-04-22,"Hypo",NA,10.446,55.3729,0.5871,NA,0.0388,31.2995,8.6502,0.0537,NA
"186","Bde Maka Ska",2024-04-22,"Epi",3.91,13.928,119.1428,0.6279,NA,0.0309,31.4784,10.7852,0.041,NA
"187","Smith",2024-05-07,"Hypo",NA,37.3899,124.604,0.1862,NA,-7e-04,38.4523,10.6044,12.7404,NA
"188","Smith",2024-05-07,"Epi",7.24,30.5792,86.5277,0.1541,NA,0.3298,39.6808,10.8719,12.6259,NA
"189","Henry",2024-05-07,"Hypo",NA,27.1477,60.97,0.1649,NA,0.3063,45.7729,12.0203,1.9165,NA
"190","Henry",2024-05-07,"Epi",10.51,16.5183,50.7521,0.1546,NA,0.311,43.2569,12.4896,0.971,NA
"191","Uhlenkolts",2024-05-07,"Hypo",NA,226.7943,417.7492,0.1285,NA,0.7112,40.392,20.2848,0.7633,NA
"192","Uhlenkolts",2024-05-07,"Epi",71.57,223.2772,464.9493,0.1386,NA,0.6436,39.7998,20.7141,0.3012,NA
"193","Snail",2024-05-13,"Hypo",NA,9.3223,45.4971,0.2048,NA,0.0067,23.5547,10.9512,0.2376,NA
"194","Snail",2024-05-13,"Epi",1.26,49.1613,119.2693,0.2034,NA,-1e-04,20.6203,11.8418,0.1485,NA
"195","Wabasso",2024-05-13,"Hypo",NA,21.6324,79.0165,0.1905,NA,0.0137,27.1093,11.7317,1.4162,NA
"196","Wabasso",2024-05-13,"Epi",0.68,16.021,44.604,0.2034,NA,-0.0044,22.4819,12.5259,0.1782,NA
"197","McCarrons",2024-05-13,"Hypo",NA,63.2029,117.0598,0.1723,NA,0.0476,38.7945,9.2142,1.3653,NA
"198","McCarrons",2024-05-13,"Epi",1.94,8.7984,32.7745,0.1832,NA,0.0187,34.5408,9.1971,0.1994,NA
"199","Tanners",2024-05-13,"Hypo",NA,224.922,295.858,0.1806,NA,0.0024,35.3572,0.115,1.1109,NA
"200","Tanners",2024-05-13,"Epi",0.71,23.2729,57.8295,0.1744,NA,-0.0035,31.1215,10.3404,1.0431,NA
"201","Phalen",2024-05-13,"Hypo",NA,115.9151,163.9027,0.1729,NA,-1e-04,30.532,10.2049,1.4374,NA
"202","Phalen",2024-05-13,"Epi",2.93,13.7055,38.5173,0.1912,NA,0,28.755,9.9774,0.7463,NA
"203","Parkers",2024-05-14,"Hypo",NA,114.8882,169.8041,0.1798,NA,-4e-04,41.2742,8.2158,2.9043,NA
"204","Parkers",2024-05-14,"Epi",4.91,11.6865,36.8967,0.1751,NA,0,37.2366,8.4994,0.4029,NA
"205","Little Johanna",2024-05-14,"Hypo",NA,1895.7336,3324.572,643.852,NA,0,72.68,16.1144,2.3192,NA
"206","Little Johanna",2024-05-14,"Epi",1.09,11.3519,37.548,0.1671,NA,0.0368,18.7327,9.5965,1.5434,NA
"207","Bde Maka Ska",2024-05-14,"Hypo",NA,3.9375,16.3045,0.1859,NA,0.0359,32.1216,8.1345,0.1994,NA
"208","Bde Maka Ska",2024-05-14,"Epi",8.05,4.0601,19.8542,0.1617,NA,2e-04,30.0238,8.1121,-0.0804,NA
"209","Cedar",2024-05-14,"Hypo",NA,72.6096,129.8184,0.1531,NA,0.0016,35.1385,10.0663,2.0521,NA
"210","Cedar",2024-05-14,"Epi",3.47,8.7854,28.815,0.1872,NA,-9e-04,31.2518,10.5426,0.2884,NA
"211","Brownie",2024-05-14,"Hypo",NA,1480.3345,1662.286,21.1992,NA,0.0045,78.8896,11.6377,2.5694,NA
"212","Brownie",2024-05-14,"Epi",81.62,10.9848,26.3781,0.154,NA,0.0589,35.5866,7.0154,3.977,NA
"213","Minnetonka",2024-05-16,"Hypo",NA,8.785,14.1722,0.2019,NA,0.0059,32.6654,12.1068,0.7294,NA
"214","Minnetonka",2024-05-16,"Epi",0.52,20.8433,18.6715,0.2071,NA,-0.0013,32.4589,11.8677,0.475,NA
"215","Medicine",2024-05-16,"Hypo",NA,17.5595,62.6501,0.1501,NA,0.0076,32.2602,10.5727,6.1392,NA
"216","Medicine",2024-05-16,"Epi",3.98,22.228,80.506,0.189,NA,-0.001,30.158,11.4317,2.2641,NA
"217","Smith",2024-06-13,"Hypo",NA,38.2869,76.7955,1.1184,NA,0.0147,42.0815,10.5626,16.9996,NA
"218","Smith",2024-06-13,"Epi",6.61,106.4054,161.7268,1.6341,NA,0.0037,42.1361,11.2836,15.9466,NA
"219","Henry",2024-06-13,"Hypo",NA,42.6538,97.7663,4.215,NA,0.0125,48.7204,12.0348,3.5819,NA
"220","Henry",2024-06-13,"Epi",2.93,17.1286,41.5167,3.4636,NA,0.3212,43.8222,12.9714,0.1136,NA
"221","Uhlenkolts",2024-06-13,"Hypo",NA,385.2224,613.869,4.2316,NA,0.0041,45.5287,18.6817,8.8467,NA
"222","Uhlenkolts",2024-06-13,"Epi",111.32,353.5771,597.3412,4.9153,NA,0.0025,44.2724,19.2218,8.404,NA
"223","Brownie",2024-06-17,"Hypo",NA,4005.563,4091.808,29.82,NA,0.0081,73.393,11.7438,2.7138,NA
"224","Brownie",2024-06-17,"Epi",50.52,98.2776,171.9567,1.6736,NA,0.0948,26.3966,6.2552,3.2166,NA
"225","Snail",2024-06-19,"Hypo",NA,32.9492,97.474,2.4866,NA,0.0033,24.7237,10.4805,0.4875,NA
"226","Snail",2024-06-19,"Epi",2.79,57.9264,113.2639,1.6954,NA,0.0021,15.0617,13.8926,0.1781,NA
"227","Wabasso",2024-06-19,"Hypo",NA,128.1992,192.705,2.6714,NA,0.002,27.5873,11.3152,1.7725,NA
"228","Wabasso",2024-06-19,"Epi",2.74,65.9768,114.541,3.8365,NA,0.0014,20.4744,12.1744,0.4961,NA
"229","McCarrons",2024-06-19,"Hypo",NA,133.7634,196.714,1.5839,NA,0.0039,39.9487,8.5029,2.1379,NA
"230","McCarrons",2024-06-19,"Epi",8.22,42.5761,72.6844,4.5786,NA,0.0038,31.2249,8.96,0.956,NA
"231","Tanners",2024-06-19,"Hypo",NA,533.4152,607.8786,2.1234,NA,0.0031,37.9632,11.6456,2.0519,NA
"232","Tanners",2024-06-19,"Epi",12.45,21.3733,49.9134,3.4762,NA,0.0113,28.3365,12.3289,0.7712,NA
"233","Phalen",2024-06-19,"Hypo",NA,208.7109,235.4186,2.0828,NA,4e-04,32.623,10.6745,2.2539,NA
"234","Phalen",2024-06-19,"Epi",16.35,24.5131,61.5345,1.2528,NA,0.006,27.2829,10.6217,2.1593,NA
"235","Minnetonka",2024-06-20,"Epi",1.21,12.4465,34.0016,1.2264,NA,0.0049,31.2409,10.4128,1.0548,NA
"236","Minnetonka",2024-06-20,"Hypo",NA,13.7346,48.9894,1.5504,NA,0.0292,33.9314,10.5182,2.5934,NA
"237","Medicine",2024-06-20,"Epi",3.65,13.2749,64.5374,1.5979,NA,0.0102,29.6644,10.3285,3.1006,NA
"238","Medicine",2024-06-20,"Hypo",NA,36.797,59.8823,1.949,NA,0.0059,32.5429,9.7435,8.0516,NA
"239","Parkers",2024-06-20,"Epi",13.81,231.4819,304.7597,2.1022,NA,0.0012,44.2188,8.7625,4.9099,NA
"240","Parkers",2024-06-20,"Hypo",NA,34.8735,122.8432,4.1162,NA,0.0088,28.1939,8.6501,4.6649,NA
"241","Little Johanna",2024-06-27,"Epi",14.12,26.1026,97.1388,1.1191,NA,0.1371,14.5982,7.9009,2.4043,NA
"242","Little Johanna",2024-06-27,"Hypo",NA,3222.882,4006.908,53.812,NA,0.0123,99.2424,19.6248,2.5504,NA
"243","Cedar",2024-06-27,"Epi",7.64,26.6589,61.335,0.8538,NA,0.0034,27.8188,11.0888,2.0218,NA
"244","Cedar",2024-06-27,"Hypo",NA,199.2346,202.2772,2.7132,NA,0.0072,38.8045,10.706,3.612,NA
"245","Bde Maka Ska",2024-06-27,"Epi",5.68,15.4943,41.5219,0.6498,NA,0.0091,27.4966,8.2315,0.7884,NA
"246","Bde Maka Ska",2024-06-27,"Hypo",NA,88.1526,124.455,1.4671,NA,0.0069,35.0832,8.0478,1.6909,NA
"247","Wabasso",2024-07-08,"Hypo",NA,128.1992,200.0315,2.116,NA,0.04,NA,NA,2.0404,NA
"248","Wabasso",2024-07-08,"Epi",5.89,48.0965,62.8931,1.2049,NA,0.0221,21.4691,12.5002,0.6412,NA
"249","McCarrons",2024-07-08,"Hypo",NA,133.7634,218.1402,2.2186,NA,0.0074,42.3766,8.6625,3.7211,NA
"250","McCarrons",2024-07-08,"Epi",10.72,42.5761,46.122,0.851,NA,0.0087,NA,NA,2.2631,NA
"251","Phalen",2024-07-08,"Hypo",NA,224.8087,240.9074,1.7387,NA,0.0067,34.2396,10.9164,2.843,NA
"252","Phalen",2024-07-08,"Epi",8.6797143660388,24.5131,46.4804,1.0285,NA,0.0019,26.9449,11.3076,2.6749,NA
"253","Snail",2024-07-10,"Hypo",4.52,32.9492,67.8598,1.194,NA,0.0049,23.9929,10.8957,0.8471,NA
"254","Snail",2024-07-10,"Epi",3.19,2.7088,20.7752,0.657,NA,0.0041,14.3146,12.1474,0.137,NA
"255","Little Johanna",2024-07-10,"Hypo",NA,3026.361,3784.188,28.274,NA,0.0084,77.526,18.0263,2.0362,NA
"256","Little Johanna",2024-07-10,"Epi",3.4,26.1026,116.8119,0.8874,NA,0.1291,18.7358,9.9802,1.5194,NA
"257","Tanners",2024-07-10,"Hypo",3.19517149283104,463.6071,NA,NA,NA,0.0068,35.5608,12.4202,3.0909,NA
"258","Tanners",2024-07-10,"Epi",1.8430025302221,5.107,30.0734,0.776,NA,0.0096,25.387,14.1975,2.8304,NA
"259","Bde Maka Ska",2024-07-09,"Hypo",NA,125.727,126.0879,1.2578,NA,0.0069,35.9581,7.8722,2.1287,NA
"260","Bde Maka Ska",2024-07-09,"Epi",3.22867397619717,2.9621,30.9437,0.584,NA,0.0091,27.1768,8.3144,1.2169,NA
"261","Cedar",2024-07-09,"Hypo",3.76046427567372,229.2989,231.9366,1.6533,NA,0.0072,40.5945,11.5257,4.5573,NA
"262","Cedar",2024-07-09,"Epi",4.56980226782869,4.1812,28.381,0.8918,NA,0.0034,27.2667,11.5066,2.1118,NA
"263","Brownie",2024-07-09,"Hypo",NA,2333.948,3444.63,12.03,NA,0.0048,81.49,11.8796,2.8262,NA
"264","Brownie",2024-07-09,"Epi",23.0880661873971,5.2337,51.0157,0.8498,NA,0.0547,30.3305,7.257,4.1833,NA
"265","Minnetonka",2024-07-11,"Hypo",NA,32.5827,45.9922,0.9452,NA,0.1237,34.6194,11.682,4.5951,NA
"266","Minnetonka",2024-07-11,"Epi",1.57,6.5426,24.1991,0.8664,NA,0.0076,31.4808,11.9718,1.7337,NA
"267","Medicine",2024-07-11,"Hypo",3.13,31.7902,58.1847,1.2003,NA,0.0171,31.3427,11.5395,6.0994,NA
"268","Medicine",2024-07-11,"Epi",4.35,5.1785,33.7888,0.8376,NA,0.0044,28.1866,11.964,2.2127,NA
"269","Parkers",2024-07-11,"Hypo",20.38,414.689,467.5914,3.5683,NA,0.0014,49.9897,8.801,7.6246,NA
"270","Parkers",2024-07-11,"Epi",9.51,5.0324,35.5294,0.896,NA,0.0071,24.1223,9.3888,4.3472,NA
"271","Smith",2024-07-15,"Hypo",NA,59.7017,95.2005,1.0298,NA,0.007,44.313,11.943,23.6144,NA
"272","Smith",2024-07-15,"Epi",29.24,6.7182,64.8271,1.4248,NA,0.0074,36.624,13.2086,22.5596,NA
"273","Henry",2024-07-15,"Hypo",NA,7.3361,42.9999,4.2089,NA,0.0062,57.4468,13.396,4.3892,NA
"274","Henry",2024-07-15,"Epi",NA,4.7589,26.6896,1.166,NA,0.1385,29.9718,14.6777,1.616,NA
"275","Uhlenkolts",2024-07-15,"Hypo",NA,606.171,785.7859,3.8625,NA,0.0056,48.892,21.7797,11.3979,NA
"276","Uhlenkolts",2024-07-15,"Epi",56.62,421.212,597.1844,3.4794,NA,0.0055,43.948,21.3187,10.692,NA
"277","Bde Maka Ska",2024-08-06,"Hypo",NA,150.1125,184.193,1.3519,NA,0.8038,31.8912,8.8091,2.3616,NA
"278","Bde Maka Ska",2024-08-06,"Epi",26.68,4.3272,35.4484,0.9039,NA,0.0111,23.5231,9.5393,1.979,NA
"279","Cedar",2024-08-06,"Hypo",7.25257239,279.4375,346.2116,2.8727,NA,0.0079,39.0059,11.399,5.1079,NA
"280","Cedar",2024-08-06,"Epi",41.76,3.6335,47.0066,1.2044,NA,0.0067,29.362,11.747,2.9908,NA
"281","Brownie",2024-08-06,"Hypo",NA,3022.52,3764.766,24.0867,NA,0.0052,81.49,12.3153,23.7224,NA
"282","Brownie",2024-08-06,"Epi",19.33,6.2231,39.2471,0.9308,NA,0.0337,31.0963,8.1805,6.0219,NA
"283","Snail",2024-08-08,"Hypo",25.1333730671915,3.5281,51.0677,0.9261,NA,0.0021,26.7698,10.8076,0.5762,NA
"284","Snail",2024-08-08,"Epi",4.43229687939275,3.3905,29.0167,0.7942,NA,0.0082,16.7554,12.0516,0.5294,NA
"285","Little Johanna",2024-08-08,"Hypo",NA,21.1736,47.6703,0.9261,NA,0.182,11.9787,8.3518,2.774,NA
"286","Little Johanna",2024-08-08,"Epi",NA,12.2488,71.5371,1.0209,NA,0.2061,12.1213,8.4947,2.8038,NA
"287","Tanners",2024-08-08,"Hypo",3.67089120044982,631.5544,641.7274,2.9111,NA,NA,41.0858,12.5002,3.8113,NA
"288","Tanners",2024-08-08,"Epi",13.2705538375035,3.5148,48.7366,1.2427,NA,0.0102,29.0538,14.7497,4.3087,NA
"289","Wabasso",2024-08-09,"Hypo",NA,393.5832,435.8836,2.3794,NA,0.0027,25.9338,12.148,3.2119,NA
"290","Wabasso",2024-08-09,"Epi",6.94240764689345,3.8819,43.8009,0.9097,NA,0.0023,16.1455,12.5731,0.8015,NA
"291","McCarrons",2024-08-09,"Hypo",NA,302.5315,335.3514,2.7306,NA,0.0026,33.4413,9.39,4.5383,NA
"292","McCarrons",2024-08-09,"Epi",20.8610127135851,2.3846,40.801,0.9678,NA,0.0042,22.7017,9.6853,3.1651,NA
"293","Phalen",2024-08-09,"Hypo",NA,325.0406,381.7055,2.4674,NA,0.0044,27.1432,11.3451,3.2714,NA
"294","Phalen",2024-08-09,"Epi",21.963065,2.1785,46.7421,1.1056,NA,0.0028,20.2529,11.5952,3.7645,NA
"295","Smith",2024-08-12,"Hypo",NA,44.7875,106.6095,1.2618,NA,0.0307,35.7602,23.4197,6.6213,NA
"296","Smith",2024-08-12,"Epi",114.958718020804,8.5501,205.5179,2.109,NA,0.0054,36.3144,23.1396,6.2727,NA
"297","Henry",2024-08-12,"Hypo",NA,37.994,74.8634,4.727,NA,0.0072,36.5357,23.2542,7.8584,NA
"298","Henry",2024-08-12,"Epi",26.3146953692919,5.1301,28.4608,1.2474,NA,0.011,33.8451,33.3226,3.2246,NA
"299","Uhlenkolts",2024-08-12,"Hypo",NA,399.2054,613.3056,3.2836,NA,0.0767,33.2566,32.2455,14.4818,NA
"300","Uhlenkolts",2024-08-12,"Epi",207.893663199325,368.6835,730.5503,4.082,NA,0.0159,33.4297,33.6579,14.5413,NA
"301","Minnetonka",2024-08-07,"Hypo",NA,34.3799,59.2288,0.8845,NA,0.1791,9.5439,22.9064,5.6563,NA
"302","Minnetonka",2024-08-07,"Epi",4.11635423109362,4.9305,29.4784,0.9275,NA,0.0048,9.3201,22.3804,2.8548,NA
"303","Medicine",2024-08-07,"Hypo",0.778372786055665,311.644,355.6158,1.7842,NA,0.0049,10.5863,21.5884,12.0033,NA
"304","Medicine",2024-08-07,"Epi",17.483373629463,11.1132,59.4256,0.9748,NA,0.0559,9.3247,21.2606,5.2907,NA
"305","Parkers",2024-08-07,"Hypo",21.2130700028114,483.291,540.4712,3.246,NA,-0.0014,10.8802,20.7101,8.2368,NA
"306","Parkers",2024-08-07,"Epi",18.2050323306157,4.0176,35.7125,0.9096,NA,0.0032,10.7124,21.8072,4.0324,NA
"307","Cedar",2024-09-16,"Hypo",6.57785774529098,357.5326,398.042,3.987,NA,0.0055,39.0059,11.2776,5.8413,NA
"308","Cedar",2024-09-16,"Epi",11.9636435198201,4.1435,38.106,1.272,NA,0.0059,29.362,11.7584,1.4908,NA
"309","Brownie",2024-09-16,"Hypo",4.05585605847624,132.357,1164.369,27.366,NA,0.0038,84.0576,12.0353,23.268,NA
"310","Brownie",2024-09-16,"Epi",26.1248107956143,1.7772,20.985,0.777,NA,0.006,31.0963,8.9796,5.5002,NA
"311","Bde Maka Ska",2024-09-16,"Epi",11.7276637615969,4.191,30.856,1.009,NA,0.0067,23.5231,8.807,2.3892,NA
"312","Bde Maka Ska",2024-09-16,"Hypo",NA,217.2565,224.221,2.052,NA,0.0055,31.8912,8.1049,2.9091,NA
"313","Snail",2024-06-17,"Hypo",36.5401855496205,3.2493,60.677,1.635,NA,0.0068,26.378,10.6729,1.8152,NA
"314","Snail",2024-06-17,"Epi",4.28615406241215,3.811,24.159,0.94,NA,0.0078,19.2678,12.4094,0.5342,NA
"315","Little Johanna",2024-06-17,"Hypo",NA,175.112,427.103,44.757,NA,0.0064,119.4114,13.2421,18.859,NA
"316","Little Johanna",2024-06-17,"Epi",29.6857651579046,3.4116,106.426,1.847,NA,0.0068,18.7452,8.6933,3.4622,NA
"317","Tanners",2024-06-17,"Hypo",7.39076750070284,314.7101,323.668,3.603,NA,0.0067,31.896,10.0147,4.3232,NA
"318","Tanners",2024-06-17,"Epi",16.52,2.7223,31.329,1.068,NA,0.0088,22.1034,10.9307,4.5727,NA
"319","Minnetonka",2024-09-18,"Hypo",NA,108.4588,127.175,0.885,NA,0.0023,45.027,7.0542,6.2905,NA
"320","Minnetonka",2024-09-18,"Epi",3.26,3.2061,20.876,0.897,NA,0.0046,29.5492,7.4885,3.5704,NA
"321","Medicine",2024-09-18,"Hypo",1.59,40.6289,67.221,0.795,NA,0.0179,32.3633,9.8359,5.7373,NA
"322","Medicine",2024-09-18,"Epi",16.73,14.6875,75.817,1.25,NA,0.0027,27.8959,9.3867,3.9281,NA
"323","Parkers",2024-09-18,"Hypo",16.6,405.0504,413.557,3.132,NA,0.0061,26.1533,9.7824,7.6006,NA
"324","Parkers",2024-09-18,"Epi",6.87,3.6717,34.252,0.958,NA,0.0035,22.8876,7.773,2.6387,NA
"325","Wabasso",2024-09-19,"Hypo",NA,323.4451,370.515,2.348,NA,0.0074,31.896,10.0147,3.1752,NA
"326","Wabasso",2024-09-19,"Epi",5.34514478493112,3.3607,24.584,0.826,NA,0.0077,22.1034,10.9307,0.6049,NA
"327","McCarrons",2024-09-19,"Hypo",NA,265.9937,274.564,3.013,NA,0.0076,45.027,7.0542,4.2275,NA
"328","McCarrons",2024-09-19,"Epi",7.10251147971137,2.1122,27.707,0.836,NA,0.007,29.5492,7.4885,2.2228,NA
"329","Phalen",2024-09-19,"Hypo",NA,87.3538,335.381,2.609,NA,0.0073,35.9883,12.5178,3.3957,NA
"330","Phalen",2024-09-19,"Epi",10.4675794208603,3.03,26.488,0.874,NA,0.0105,27.349,13.9538,3.3582,NA
"331","Smith",2024-09-30,"Hypo",NA,6.6335,92.754,1.325,NA,0.0073,40.0363,10.3673,30.335,NA
"332","Smith",2024-09-30,"Epi",38.83,5.0139,80.033,1.284,NA,0.009,39.3888,10.6543,30.2518,NA
"333","Uhlenkolts",2024-09-30,"Hypo",NA,1.5451,30.378,1.233,NA,0.0115,34.9816,12.5635,4.2145,NA
"334","Uhlenkolts",2024-09-30,"Epi",72.93,3.204,37.672,1.524,NA,0.0281,34.9198,12.5645,4.1854,NA
"335","Henry",2024-09-30,"Hypo",NA,437.9883,674.876,3.725,NA,0.0644,50.6892,17.7959,17.6666,NA
"336","Henry",2024-09-30,"Epi",37.04,438.2203,694.904,3.601,NA,0.0641,49.4594,18.0314,17.625,NA
"337","Tanners",2024-10-17,"Hypo",7.06,558.6536,879.239,3.25,NA,0.0073,42.0073,13.8812,4.9223,NA
"338","Tanners",2024-10-17,"Epi",5.63,3.6788,34.45,1.039,NA,0.0105,30.3695,14.1666,3.7254,NA
"339","Snail",2024-10-17,"Hypo",2.32,2.9715,19.008,0.788,NA,0.0242,21.4224,13.0749,0.6412,NA
"340","Snail",2024-10-17,"Epi",3.1,2.6611,33.383,1.098,NA,0.0237,21.572,13.4319,0.6328,NA
"341","Minnetonka",2024-10-18,"Hypo",NA,134.1909,294.264,1.149,NA,0.0115,34.6701,12.9791,7.8412,NA
"342","Minnetonka",2024-10-18,"Epi",1.96,15.302,41.847,1.403,NA,0.0281,31.791,14.2526,4.3385,NA
"343","Medicine",2024-10-18,"Hypo",1.61,36.5228,69.848,0.851,NA,0.0644,26.0125,13.6474,6.138,NA
"344","Medicine",2024-10-18,"Epi",2.22,36.8174,69.767,0.961,NA,0.0641,25.6585,13.5847,6.1673,NA
"345","Parkers",2024-10-18,"Hypo",9.47,672.2407,762.974,5.624,NA,0.0068,52.6422,10.8134,10.8753,NA
"346","Parkers",2024-10-18,"Epi",5.6,8.9823,51.353,0.901,NA,0.0112,28.8752,10.6972,2.6646,NA
"347","Little Johanna",2024-10-24,"Hypo",NA,3105.4,3244.77,27.433,NA,0.008,77.1288,14.6974,1.474,NA
"348","Little Johanna",2024-10-24,"Epi",20.11,2.4896,63.502,1.455,NA,0.0871,20.6203,11.5255,4.3615,NA
"349","Wabasso",2024-10-24,"Hypo",NA,278.437,303.796,2.508,NA,0.0067,28.3833,14.0381,2.947,NA
"350","Wabasso",2024-10-24,"Epi",4.94,9.0495,25.255,0.81,NA,0.008,21.1474,14.8291,0.4403,NA
"351","McCarrons",2024-10-24,"Hypo",NA,394.26,467.876,3.862,NA,0.0076,41.8301,11.6762,6.0606,NA
"352","Phalen",2024-10-24,"Hypo",NA,306.198,343.519,2.276,NA,0.0085,31.1715,12.7896,4.9223,NA
"353","Phalen",2024-10-24,"Epi",4.42,16.4357,46.379,0.92,NA,0.0176,25.5873,13.085,3.7254,NA
"354","Bde Maka Ska",2024-10-23,"Hypo",NA,182.4434,184.133,1.722,NA,0.0071,31.9182,10.0884,3.4702,NA
"355","Bde Maka Ska",2024-10-23,"Epi",33.24,3.8503,41.305,0.781,NA,0.0074,26.3174,10.2293,3.5162,NA
"356","Cedar",2024-10-23,"Hypo",NA,333.6588,396.159,3.64,NA,0.009,36.5171,13.9702,2.7169,NA
"357","Cedar",2024-10-23,"Epi",17.75,2.4331,38.55,0.995,NA,0.0187,27.3454,12.4189,2.3821,NA
"358","Brownie",2024-10-23,"Hypo",NA,4074.876,3903.44,25.856,NA,0.0083,51.5285,13.726,6.6758,NA
"359","Brownie",2024-10-23,"Epi",NA,2.7782,NA,NA,NA,0.0614,41.3252,10.334,10.9192,NA
"360","McCarrons",2024-10-24,"Epi",7.27,3.2109,28.252,0.907,NA,0.011,27.391,10.8924,2.3654,NA
"361","Parkers",2024-11-12,"Hypo",6.47,16.4104,36.7575,0.941,NA,0.0467,31.6879,9.598,2.7346,NA
"362","Parkers",2024-11-12,"Epi",6.25,17.6077,46.0084,0.9261,NA,0.0497,31.8539,9.7822,2.7052,NA
"363","Tanners",2024-11-14,"Hypo",7.52,542.047,705.4122,3.1771,NA,0.0318,40.6023,14.1044,4.9906,NA
"364","Tanners",2024-11-14,"Epi",15.36,23.7684,84.3608,1.5022,NA,0.0634,34.0991,15.4212,4.0597,NA
"365","Little Johanna",2025-01-08,"Hypo",NA,1727.7308,NA,NA,NA,NA,91.3084,20.3534,NA,NA
"366","Snail",2025-01-08,"Hypo",NA,4.3166,NA,NA,NA,NA,28.5092,14.446,NA,NA
"367","Tanners",2025-01-06,"Hypo",NA,27.0521,NA,NA,NA,NA,35.8296,15.1751,NA,NA
"368","McCarrons",2025-01-07,"Hypo",NA,13.4686,NA,NA,NA,NA,36.7879,11.5586,NA,NA
"369","Phalen",2025-01-07,"Hypo",NA,71.7901,NA,NA,NA,NA,34.8502,14.7195,NA,NA
"370","Wabasso",NA,"Hypo",NA,85.0443,NA,NA,NA,NA,25.8269,16.0211,NA,NA
